route,method,caller,current_permission,owner,read_write_root,cost,source
/* (SPA + static),GET,browser,public shell,service,web_dist read,file,crates/server/src/host.rs:1635
/agent/chat,POST,Web api.ts / local HTTP,local reader; original book/session/turn checks,user history/presentation + current Reader + Run,history_path; .presentations; Memory; session on Reader effects,model outside Host lock,crates/server/src/host.rs:1605; crates/server/src/lib.rs:2748
/agent/goals/cancel,POST,Web api.ts / local HTTP,local reader; original book/session/turn checks,user history/presentation + current Reader + Run,history_path; .presentations; Memory; session on Reader effects,file/short state,crates/server/src/lib.rs:2706
/agent/history,GET,Web api.ts / local HTTP,local reader; original book/session/turn checks,user history/presentation + current Reader + Run,history_path; .presentations; Memory; session on Reader effects,file/short state,crates/server/src/lib.rs:2697
/agent/history/delete,POST,Web api.ts / local HTTP,local reader; original book/session/turn checks,user history/presentation + current Reader + Run,history_path; .presentations; Memory; session on Reader effects,file/short state,crates/server/src/host.rs:1513; crates/server/src/lib.rs:2718
/agent/history/select,POST,Web api.ts / local HTTP,local reader; original book/session/turn checks,user history/presentation + current Reader + Run,history_path; .presentations; Memory; session on Reader effects,file/short state,crates/server/src/host.rs:1597; crates/server/src/lib.rs:2712
/agent/new,POST,Web api.ts / local HTTP,local reader; original book/session/turn checks,user history/presentation + current Reader + Run,history_path; .presentations; Memory; session on Reader effects,file/short state,crates/server/src/host.rs:1596; crates/server/src/lib.rs:2754
/agent/presentation.observe,POST,Web api.ts / local HTTP,local reader; original book/session/turn checks,user history/presentation + current Reader + Run,history_path; .presentations; Memory; session on Reader effects,file/short state,crates/server/src/lib.rs:2736
/agent/presentation.read,POST,Web api.ts / local HTTP,local reader; original book/session/turn checks,user history/presentation + current Reader + Run,history_path; .presentations; Memory; session on Reader effects,file/short state,crates/server/src/lib.rs:2736
/agent/presentation.state.save,POST,Web api.ts / local HTTP,local reader; original book/session/turn checks,user history/presentation + current Reader + Run,history_path; .presentations; Memory; session on Reader effects,file/short state,crates/server/src/lib.rs:2730
/agent/runs,POST,Web api.ts / local HTTP,local reader; original book/session/turn checks,user history/presentation + current Reader + Run,history_path; .presentations; Memory; session on Reader effects,model outside Host lock,crates/server/src/host.rs:1424; crates/server/src/host.rs:1605
/agent/runs/{turn_id},GET,Web api.ts / local HTTP,local reader; original book/session/turn checks,user history/presentation + current Reader + Run,history_path; .presentations; Memory; session on Reader effects,file/short state,crates/server/src/host.rs:1389
/agent/runs/{turn_id}/cancel,POST,Web api.ts / local HTTP,local reader; original book/session/turn checks,user history/presentation + current Reader + Run,history_path; .presentations; Memory; session on Reader effects,file/short state,crates/server/src/host.rs:1389
/agent/runs/{turn_id}/events,GET,Web api.ts / local HTTP,local reader; original book/session/turn checks,user history/presentation + current Reader + Run,history_path; .presentations; Memory; session on Reader effects,SSE long-lived,crates/server/src/host.rs:1389
/agent/source.open,POST,Web api.ts / local HTTP,local reader; original book/session/turn checks,user history/presentation + current Reader + Run,history_path; .presentations; Memory; session on Reader effects,file/short state,crates/server/src/lib.rs:2742
/agent/source.resolve,POST,Web api.ts / local HTTP,local reader; original book/session/turn checks,user history/presentation + current Reader + Run,history_path; .presentations; Memory; session on Reader effects,file/short state,crates/server/src/lib.rs:2724
/book/asset_manifest,GET,Web api.ts / local HTTP,local trusted operator; reader-only rejects create,current Book,book_dir read,read/file,crates/server/src/lib.rs:3297
/book/assets/{relative_path},GET,local HTTP / command surface,local trusted operator; reader-only rejects create,current Book,book_dir read,read/file,crates/server/src/host.rs:1482
/book/build_workbench,GET,Web api.ts / local HTTP,local trusted operator; reader-only rejects create,current Book,library registry/book_dir; open writes session/history; create/build write Book/.build except reader-only readiness,file/Book load/build state,crates/server/src/lib.rs:2790; crates/server/src/lib.rs:3298
/book/concept,GET,local HTTP / command surface,local trusted operator; reader-only rejects create,current Book,book_dir read,read/file,crates/book-tool-contracts/src/lib.rs:85
/book/context,GET,local HTTP / command surface,local trusted operator; reader-only rejects create,current Book,book_dir read,read/file,crates/book-tool-contracts/src/lib.rs:75
/book/create,POST,Web api.ts / local HTTP,local trusted operator; reader-only rejects create,current Book,library registry/book_dir; open writes session/history; create/build write Book/.build except reader-only readiness,file/Book load/build state,crates/server/src/host.rs:1599; crates/server/src/lib.rs:2552; crates/server/src/lib.rs:2612
/book/formula_semantics,GET,Web api.ts / local HTTP,local trusted operator; reader-only rejects create,current Book,book_dir read,read/file,crates/server/src/lib.rs:3302
/book/guide_path,GET,local HTTP / command surface,local trusted operator; reader-only rejects create,current Book,book_dir read,read/file,crates/book-tool-contracts/src/lib.rs:105
/book/guided_route_from,GET,local HTTP / command surface,local trusted operator; reader-only rejects create,current Book + user profile,book_dir read; Memory read,read/file,crates/server/src/lib.rs:3331
/book/library,GET,Web api.ts / local HTTP,local trusted operator; reader-only rejects create,current Book,library registry/book_dir; open writes session/history; create/build write Book/.build except reader-only readiness,file/Book load/build state,crates/server/src/lib.rs:2598; crates/server/src/lib.rs:3292
/book/manifest,GET,Web api.ts / local HTTP,local trusted operator; reader-only rejects create,current Book,book_dir read,read/file,crates/book-tool-contracts/src/lib.rs:45
/book/open,POST,Web api.ts / local HTTP,local trusted operator; reader-only rejects create,current Book,library registry/book_dir; open writes session/history; create/build write Book/.build except reader-only readiness,file/Book load/build state,crates/server/src/host.rs:1598; crates/server/src/lib.rs:2606
/book/paper_lexicon,GET,Web api.ts / local HTTP,local trusted operator; reader-only rejects create,current Book,book_dir read,read/file,crates/book-tool-contracts/src/lib.rs:125
/book/paper_metadata,GET,Web api.ts / local HTTP,local trusted operator; reader-only rejects create,current Book,book_dir read,read/file,crates/book-tool-contracts/src/lib.rs:115
/book/paper_minimap,GET,Web api.ts / local HTTP,local trusted operator; reader-only rejects create,current Book,book_dir read,read/file,crates/server/src/lib.rs:3301
/book/paper_reading_guide,GET,Web api.ts / local HTTP,local trusted operator; reader-only rejects create,current Book,book_dir read,read/file,crates/book-tool-contracts/src/lib.rs:135
/book/pdf/original,GET,Web api.ts / local HTTP,local trusted operator; reader-only rejects create,current Book,book_dir read,read/file,crates/server/src/lib.rs:7087
/book/pdf_source_map,GET,Web api.ts / local HTTP,local trusted operator; reader-only rejects create,current Book,book_dir read,read/file,crates/server/src/lib.rs:3300
/book/query,POST,Web api.ts / local HTTP,local trusted operator; reader-only rejects create,current Book,book_dir read,model (synchronous route),crates/book-tool-contracts/src/lib.rs:145; crates/server/src/lib.rs:2618
/book/route_from,GET,local HTTP / command surface,local trusted operator; reader-only rejects create,current Book + user profile,book_dir read; Memory read,read/file,crates/server/src/lib.rs:3315
/book/route_to,GET,local HTTP / command surface,local trusted operator; reader-only rejects create,current Book,book_dir read,read/file,crates/server/src/lib.rs:3360
/book/search_text,GET,local HTTP / command surface,local trusted operator; reader-only rejects create,current Book,book_dir read,read/file,crates/book-tool-contracts/src/lib.rs:65
/book/source_fingerprint,GET,Web api.ts / local HTTP,local trusted operator; reader-only rejects create,current Book,book_dir read,read/file,crates/server/src/lib.rs:3291
/book/source_manifest,GET,Web api.ts / local HTTP,local trusted operator; reader-only rejects create,current Book,book_dir read,read/file,crates/server/src/lib.rs:3299
/book/structure,GET,Web api.ts / local HTTP,local trusted operator; reader-only rejects create,current Book,book_dir read,read/file,crates/book-tool-contracts/src/lib.rs:95
/book/synthesize,POST,local HTTP / command surface,local trusted operator; reader-only rejects create,current Book,book_dir read,model (synchronous route),crates/book-tool-contracts/src/lib.rs:155; crates/server/src/lib.rs:2624
/book/text,GET,Web api.ts / local HTTP,local trusted operator; reader-only rejects create,current Book,book_dir read,read/file,crates/book-tool-contracts/src/lib.rs:55
/book/unvisited_back,GET,local HTTP / command surface,local trusted operator; reader-only rejects create,current Book + user profile,book_dir read; Memory read,read/file,crates/server/src/lib.rs:3349
/build_intent/artifact.fail,POST,local HTTP / command surface,local controller; reader-only action gate,user private intent/artifact,intent_store_root; .build; source/registry; usage,Node/model/file (usage.event Host lock-free),crates/server/src/build_intent_api.rs:80
/build_intent/artifact.inspect,POST,local HTTP / command surface,local controller; reader-only action gate,user private intent/artifact,intent_store_root; .build; source/registry; usage,Node/model/file (usage.event Host lock-free),crates/server/src/build_intent_api.rs:81
/build_intent/artifact.prepare,POST,local HTTP / command surface,local controller; reader-only action gate,user private intent/artifact,intent_store_root; .build; source/registry; usage,Node/model/file (usage.event Host lock-free),crates/server/src/build_intent_api.rs:78
/build_intent/artifact.submit,POST,local HTTP / command surface,local controller; reader-only action gate,user private intent/artifact,intent_store_root; .build; source/registry; usage,Node/model/file (usage.event Host lock-free),crates/server/src/build_intent_api.rs:79
/build_intent/artifacts,GET,Web api.ts / local HTTP,local controller; reader-only action gate,user private intent/artifact,intent_store_root; .build; source/registry; usage,Node/model/file (usage.event Host lock-free),crates/server/src/build_intent_api.rs:70
/build_intent/confirm,POST,Web api.ts / local HTTP,local controller; reader-only action gate,user private intent/artifact,intent_store_root; .build; source/registry; usage,Node/model/file (usage.event Host lock-free),crates/server/src/build_intent_api.rs:75
/build_intent/delete,POST,local HTTP / command surface,local controller; reader-only action gate,user private intent/artifact,intent_store_root; .build; source/registry; usage,Node/model/file (usage.event Host lock-free),crates/server/src/build_intent_api.rs:77
/build_intent/draft,POST,Web api.ts / local HTTP,local controller; reader-only action gate,user private intent/artifact,intent_store_root; .build; source/registry; usage,Node/model/file (usage.event Host lock-free),crates/server/src/build_intent_api.rs:72
/build_intent/edit,POST,Web api.ts / local HTTP,local controller; reader-only action gate,user private intent/artifact,intent_store_root; .build; source/registry; usage,Node/model/file (usage.event Host lock-free),crates/server/src/build_intent_api.rs:73
/build_intent/estimate,POST,Web api.ts / local HTTP,local controller; reader-only action gate,user private intent/artifact,intent_store_root; .build; source/registry; usage,Node/model/file (usage.event Host lock-free),crates/server/src/build_intent_api.rs:74
/build_intent/reject,POST,Web api.ts / local HTTP,local controller; reader-only action gate,user private intent/artifact,intent_store_root; .build; source/registry; usage,Node/model/file (usage.event Host lock-free),crates/server/src/build_intent_api.rs:76
/build_intent/status,GET,Web api.ts / local HTTP,local controller; reader-only action gate,user private intent/artifact,intent_store_root; .build; source/registry; usage,Node/model/file (usage.event Host lock-free),crates/server/src/build_intent_api.rs:69
/build_intent/usage,GET,Web api.ts / local HTTP,local controller; reader-only action gate,user private intent/artifact,intent_store_root; .build; source/registry; usage,Node/model/file (usage.event Host lock-free),crates/server/src/build_intent_api.rs:71
/build_intent/usage.cost,POST,local HTTP / command surface,local controller; reader-only action gate,user private intent/artifact,intent_store_root; .build; source/registry; usage,Node/model/file (usage.event Host lock-free),crates/server/src/build_intent_api.rs:83
/build_intent/usage.event,POST,Web api.ts / local HTTP,local controller; reader-only action gate,user private intent/artifact,intent_store_root; .build; source/registry; usage,Node/model/file (usage.event Host lock-free),crates/server/src/build_intent_api.rs:82; crates/server/src/host.rs:1376
/build_workbench/decision.resolve,POST,Web api.ts / local HTTP,local builder; reader-only denied,build workspace,book_dir/.build + imported source + registry,Node/model/file,crates/server/src/lib.rs:2672
/build_workbench/input.import,POST,Web api.ts / local HTTP,local builder; reader-only denied,build workspace,book_dir/.build + imported source + registry,Node/model/file,crates/server/src/host.rs:1600; crates/server/src/lib.rs:2642
/build_workbench/job.create,POST,Web api.ts / local HTTP,local builder; reader-only denied,build workspace,book_dir/.build + imported source + registry,Node/model/file,crates/server/src/lib.rs:2648
/build_workbench/job.event.append,POST,Web api.ts / local HTTP,local builder; reader-only denied,build workspace,book_dir/.build + imported source + registry,Node/model/file,crates/server/src/lib.rs:2666
/build_workbench/job.resume,POST,Web api.ts / local HTTP,local builder; reader-only denied,build workspace,book_dir/.build + imported source + registry,Node/model/file,crates/server/src/lib.rs:2660
/build_workbench/job.start,POST,Web api.ts / local HTTP,local builder; reader-only denied,build workspace,book_dir/.build + imported source + registry,Node/model/file,crates/server/src/lib.rs:2654
/build_workbench/permission.resolve,POST,Web api.ts / local HTTP,local builder; reader-only denied,build workspace,book_dir/.build + imported source + registry,Node/model/file,crates/server/src/lib.rs:2690
/build_workbench/sidecar_plan.confirm,POST,Web api.ts / local HTTP,local builder; reader-only denied,build workspace,book_dir/.build + imported source + registry,Node/model/file,crates/server/src/lib.rs:2630
/build_workbench/sidecar_plan.draft,POST,Web api.ts / local HTTP,local builder; reader-only denied,build workspace,book_dir/.build + imported source + registry,Node/model/file,crates/server/src/lib.rs:2636
/build_workbench/source_review.analyze,POST,Web api.ts / local HTTP,local builder; reader-only denied,build workspace,book_dir/.build + imported source + registry,Node/model/file,crates/server/src/lib.rs:2684
/build_workbench/source_review.resolve,POST,Web api.ts / local HTTP,local builder; reader-only denied,build workspace,book_dir/.build + imported source + registry,Node/model/file,crates/server/src/lib.rs:2678
/desktop/status,GET,Web api.ts / local HTTP,local operator,service + current Book,library config read,short state,crates/server/src/lib.rs:2583
/memory/delete,POST,Web api.ts / local HTTP,local reader,user,Memory document/projections; History for backfill; profile manifest in Book,file/short state; asynchronous review model,crates/server/src/lib.rs:7749
/memory/promote,POST,Web api.ts / local HTTP,local reader,user,Memory document/projections; History for backfill; profile manifest in Book,file/short state; asynchronous review model,crates/server/src/lib.rs:7368
/memory/reanchor,POST,Web api.ts / local HTTP,local reader,user,Memory document/projections; History for backfill; profile manifest in Book,file/short state; asynchronous review model,crates/server/src/lib.rs:7365
/memory/recall,POST,Web api.ts / local HTTP,local reader,user,Memory document/projections; History for backfill; profile manifest in Book,file/short state; asynchronous review model,crates/server/src/lib.rs:7707
/memory/replace,POST,Web api.ts / local HTTP,local reader,user,Memory document/projections; History for backfill; profile manifest in Book,file/short state; asynchronous review model,crates/server/src/lib.rs:7718
/memory/save,POST,Web api.ts / local HTTP,local reader,user,Memory document/projections; History for backfill; profile manifest in Book,file/short state; asynchronous review model,crates/server/src/lib.rs:7362; crates/server/src/lib.rs:7659
/observability/status,GET,local HTTP / command surface,local operator,service,in-memory safe status; spool/export configured separately,short state,crates/server/src/host.rs:1360
/profile/backfill,GET,Web api.ts / local HTTP,local reader,user,Memory document/projections; History for backfill; profile manifest in Book,file/short state; asynchronous review model,crates/server/src/lib.rs:2772
/profile/backfill/cancel,POST,Web api.ts / local HTTP,local reader,user,Memory document/projections; History for backfill; profile manifest in Book,file/short state; asynchronous review model,crates/server/src/lib.rs:11336; crates/server/src/lib.rs:11347
/profile/backfill/clear,POST,Web api.ts / local HTTP,local reader,user,Memory document/projections; History for backfill; profile manifest in Book,file/short state; asynchronous review model,crates/server/src/lib.rs:11336; crates/server/src/lib.rs:11353
/profile/backfill/retry,POST,Web api.ts / local HTTP,local reader,user,Memory document/projections; History for backfill; profile manifest in Book,file/short state; asynchronous review model,crates/server/src/lib.rs:11336; crates/server/src/lib.rs:11350
/profile/backfill/start,POST,Web api.ts / local HTTP,local reader,user,Memory document/projections; History for backfill; profile manifest in Book,file/short state; asynchronous review model,crates/server/src/lib.rs:11294
/profile/manifest,GET,Web api.ts / local HTTP,local reader,user,Memory document/projections; History for backfill; profile manifest in Book,file/short state; asynchronous review model,crates/server/src/lib.rs:2784
/profile/memory,GET,Web api.ts / local HTTP,local reader,user,Memory document/projections; History for backfill; profile manifest in Book,file/short state; asynchronous review model,crates/server/src/lib.rs:2760
/profile/memory/apply,POST,Web api.ts / local HTTP,local reader,user,Memory document/projections; History for backfill; profile manifest in Book,file/short state; asynchronous review model,crates/server/src/lib.rs:2766
/reader/goto,POST,Web api.ts / local HTTP,local reader,current Reader + user,Reader; session/Memory on navigation/annotation,short state/file,crates/server/src/lib.rs:7532
/reader/highlight,POST,Web api.ts / local HTTP,local reader,current Reader + user,Reader; session/Memory on navigation/annotation,short state/file,crates/server/src/lib.rs:7564
/reader/layout.apply,POST,Web api.ts / local HTTP,local reader,current Reader + user,Reader; session/Memory on navigation/annotation,short state/file,crates/server/src/lib.rs:7615
/reader/note,POST,Web api.ts / local HTTP,local reader,current Reader + user,Reader; session/Memory on navigation/annotation,short state/file,crates/server/src/lib.rs:7592
/reader/paper_minimap.apply,POST,Web api.ts / local HTTP,local reader,current Reader + user,Reader; session/Memory on navigation/annotation,short state/file,crates/server/src/lib.rs:7395
/reader/paper_minimap.localize,POST,Web api.ts / local HTTP,local reader,current Reader + user,book_dir localization cache write,model outside Host state lock,crates/server/src/host.rs:1466; crates/server/src/lib.rs:7372
/reader/paper_minimap.state,POST,Web api.ts / local HTTP,local reader,current Reader + user,Reader; session/Memory on navigation/annotation,short state/file,crates/server/src/lib.rs:7373
/reader/pdf_ranges.project,POST,Web api.ts / local HTTP,local reader,current Reader + user,Reader; session/Memory on navigation/annotation,short state/file,crates/server/src/lib.rs:7658
/reader/pdf_selection.resolve,POST,Web api.ts / local HTTP,local reader,current Reader + user,Reader; session/Memory on navigation/annotation,short state/file,crates/server/src/lib.rs:7655
/reader/scroll,POST,Web api.ts / local HTTP,local reader,current Reader + user,Reader; session/Memory on navigation/annotation,short state/file,crates/server/src/lib.rs:7548
/reader/selection.translate,POST,Web api.ts / local HTTP,local reader,current Reader + user,Book read; no durable write,model outside Host state lock,crates/server/src/host.rs:1452
/reader/state,POST,Web api.ts / local HTTP,local reader,current Reader + user,Reader; session/Memory on navigation/annotation,short state/file,crates/server/src/lib.rs:7614
/tutor/action,POST,Web api.ts / local HTTP,local reader; revision/binding checks,user Tutor + current public teaching material,Memory sibling learning.db; History; book_dir teaching read,SQLite/file; start prepares existing Agent input,crates/server/src/teaching.rs:1475
/tutor/activities,POST,Web api.ts / local HTTP,local reader; revision/binding checks,user Tutor + current public teaching material,Memory sibling learning.db; History; book_dir teaching read,SQLite/file; start prepares existing Agent input,crates/server/src/teaching.rs:1398
/tutor/correct,POST,Web api.ts / local HTTP,local reader; revision/binding checks,user Tutor + current public teaching material,Memory sibling learning.db; History; book_dir teaching read,SQLite/file; start prepares existing Agent input,crates/server/src/teaching.rs:1381
/tutor/display,POST,Web api.ts / local HTTP,local reader; revision/binding checks,user Tutor + current public teaching material,Memory sibling learning.db; History; book_dir teaching read,SQLite/file; start prepares existing Agent input,crates/server/src/teaching.rs:1436
/tutor/evidence,POST,Web api.ts / local HTTP,local reader; revision/binding checks,user Tutor + current public teaching material,Memory sibling learning.db; History; book_dir teaching read,SQLite/file; start prepares existing Agent input,crates/server/src/teaching.rs:1335
/tutor/evidence-list,POST,Web api.ts / local HTTP,local reader; revision/binding checks,user Tutor + current public teaching material,Memory sibling learning.db; History; book_dir teaching read,SQLite/file; start prepares existing Agent input,crates/server/src/teaching.rs:1367
/tutor/feedback-displayed,POST,Web api.ts / local HTTP,local reader; revision/binding checks,user Tutor + current public teaching material,Memory sibling learning.db; History; book_dir teaching read,SQLite/file; start prepares existing Agent input,crates/server/src/teaching.rs:1336
/tutor/help-displayed,POST,Web api.ts / local HTTP,local reader; revision/binding checks,user Tutor + current public teaching material,Memory sibling learning.db; History; book_dir teaching read,SQLite/file; start prepares existing Agent input,crates/server/src/teaching.rs:1480
/tutor/mutate,POST,Web api.ts / local HTTP,local reader; revision/binding checks,user Tutor + current public teaching material,Memory sibling learning.db; History; book_dir teaching read,SQLite/file; start prepares existing Agent input,crates/server/src/tutor_api.rs:38; crates/server/src/tutor_api.rs:46
/tutor/readiness,GET,Web api.ts / local HTTP,local reader; revision/binding checks,user Tutor + current public teaching material,Memory sibling learning.db; History; book_dir teaching read,SQLite/file; start prepares existing Agent input,crates/server/src/tutor_api.rs:38; crates/server/src/tutor_api.rs:41
/tutor/reference,POST,local HTTP / command surface,local reader; revision/binding checks,user Tutor + current public teaching material,Memory sibling learning.db; History; book_dir teaching read,SQLite/file; start prepares existing Agent input,crates/server/src/teaching.rs:1502
/tutor/start,POST,Web api.ts / local HTTP,local reader; revision/binding checks,user Tutor + current public teaching material,Memory sibling learning.db; History; book_dir teaching read,SQLite/file; start prepares existing Agent input,crates/server/src/teaching.rs:1397
/tutor/state,GET,Web api.ts / local HTTP,local reader; revision/binding checks,user Tutor + current public teaching material,Memory sibling learning.db; History; book_dir teaching read,SQLite/file; start prepares existing Agent input,crates/server/src/tutor_api.rs:38; crates/server/src/tutor_api.rs:45; crates/server/src/tutor_api.rs:8
/tutor/understanding,POST,Web api.ts / local HTTP,local reader; revision/binding checks,user Tutor + current public teaching material,Memory sibling learning.db; History; book_dir teaching read,SQLite/file; start prepares existing Agent input,crates/server/src/teaching.rs:1315
mcp:artifact_list,tools/call,MCP visitor,visitor contract; no Resident memory,bound Book + ephemeral visitor session; accepted artifact read port,Book/private accepted artifact read; no write,read,crates/server/src/mcp.rs:26
mcp:artifact_read,tools/call,MCP visitor,visitor contract; no Resident memory,bound Book + ephemeral visitor session; accepted artifact read port,Book/private accepted artifact read; no write,read,crates/server/src/mcp.rs:26
mcp:artifact_search,tools/call,MCP visitor,visitor contract; no Resident memory,bound Book + ephemeral visitor session; accepted artifact read port,Book/private accepted artifact read; no write,read,crates/server/src/mcp.rs:26
mcp:book_concept,tools/call,MCP visitor,visitor contract; no Resident memory,bound Book + ephemeral visitor session; accepted artifact read port,Book/private accepted artifact read; no write,read,crates/book-tool-contracts/src/lib.rs:85
mcp:book_context,tools/call,MCP visitor,visitor contract; no Resident memory,bound Book + ephemeral visitor session; accepted artifact read port,Book/private accepted artifact read; no write,read,crates/book-tool-contracts/src/lib.rs:75
mcp:book_guide,tools/call,MCP visitor,visitor contract; no Resident memory,bound Book + ephemeral visitor session; accepted artifact read port,Book/private accepted artifact read; no write,model,crates/book-tool-contracts/src/lib.rs:165
mcp:book_guide_path,tools/call,MCP visitor,visitor contract; no Resident memory,bound Book + ephemeral visitor session; accepted artifact read port,Book/private accepted artifact read; no write,read,crates/book-tool-contracts/src/lib.rs:105
mcp:book_manifest,tools/call,MCP visitor,visitor contract; no Resident memory,bound Book + ephemeral visitor session; accepted artifact read port,Book/private accepted artifact read; no write,read,crates/book-tool-contracts/src/lib.rs:45
mcp:book_paper_lexicon,tools/call,MCP visitor,visitor contract; no Resident memory,bound Book + ephemeral visitor session; accepted artifact read port,Book/private accepted artifact read; no write,read,crates/book-tool-contracts/src/lib.rs:125
mcp:book_paper_metadata,tools/call,MCP visitor,visitor contract; no Resident memory,bound Book + ephemeral visitor session; accepted artifact read port,Book/private accepted artifact read; no write,read,crates/book-tool-contracts/src/lib.rs:115
mcp:book_paper_reading_guide,tools/call,MCP visitor,visitor contract; no Resident memory,bound Book + ephemeral visitor session; accepted artifact read port,Book/private accepted artifact read; no write,model,crates/book-tool-contracts/src/lib.rs:135
mcp:book_query,tools/call,MCP visitor,visitor contract; no Resident memory,bound Book + ephemeral visitor session; accepted artifact read port,Book/private accepted artifact read; no write,model,crates/book-tool-contracts/src/lib.rs:145
mcp:book_search_text,tools/call,MCP visitor,visitor contract; no Resident memory,bound Book + ephemeral visitor session; accepted artifact read port,Book/private accepted artifact read; no write,read,crates/book-tool-contracts/src/lib.rs:65
mcp:book_structure,tools/call,MCP visitor,visitor contract; no Resident memory,bound Book + ephemeral visitor session; accepted artifact read port,Book/private accepted artifact read; no write,read,crates/book-tool-contracts/src/lib.rs:95
mcp:book_synthesize,tools/call,MCP visitor,visitor contract; no Resident memory,bound Book + ephemeral visitor session; accepted artifact read port,Book/private accepted artifact read; no write,model,crates/book-tool-contracts/src/lib.rs:155
mcp:book_text,tools/call,MCP visitor,visitor contract; no Resident memory,bound Book + ephemeral visitor session; accepted artifact read port,Book/private accepted artifact read; no write,read,crates/book-tool-contracts/src/lib.rs:55
